"","RC_ID","RC_Name","Classification","imdAverage","imdNational","incomeAverage","incomeNational","employmentAverage","employmentNational","healthAverage","healthNational","educationAverage","educationNational","geographicaccessAverage","geographicaccessNational","housingAverage","housingNational","crimeAverage","crimeNational"
"1","RC_SC_1","Toll Clock Shopping Centre; Shetland Islands (Scotland)","Large Retail Park",4102.06666666667,"LESS DEPRIVED",4572.6,"LESS DEPRIVED",3989.63333333333,"LESS DEPRIVED",4098.66666666667,"LESS DEPRIVED",4223.8,"LESS DEPRIVED",3114.8,"MORE DEPRIVED",3580.53333333333,"LESS DEPRIVED",3676,"LESS DEPRIVED"
"2","RC_SC_110","Kirktown; Aberdeenshire (Scotland)","Town Centre",3423.32142857143,"MORE DEPRIVED",3557.94642857143,"LESS DEPRIVED",3606.75,"LESS DEPRIVED",4114.21428571429,"LESS DEPRIVED",2340.28571428571,"MORE DEPRIVED",3648.78571428571,"LESS DEPRIVED",3750,"LESS DEPRIVED",2978.75,"MORE DEPRIVED"
"3","RC_SC_115","Springfield Retail Park; Moray (Scotland)","Small Retail Park",3854.05555555556,"LESS DEPRIVED",3867.22222222222,"LESS DEPRIVED",3692.94444444444,"LESS DEPRIVED",3947.72222222222,"LESS DEPRIVED",3578.72222222222,"LESS DEPRIVED",3503.61111111111,"LESS DEPRIVED",4270,"LESS DEPRIVED",3417.59722222222,"MORE DEPRIVED"
"4","RC_SC_116","Elgin; Moray (Scotland)","Town Centre",3861.78571428571,"LESS DEPRIVED",3864.2619047619,"LESS DEPRIVED",3724.38095238095,"LESS DEPRIVED",3996.28571428571,"LESS DEPRIVED",3473.64285714286,"MORE DEPRIVED",3688.11904761905,"LESS DEPRIVED",4293.19047619048,"LESS DEPRIVED",3561.59523809524,"LESS DEPRIVED"
"5","RC_SC_120","Dingwall; Highland (Scotland)","Town Centre",3586.78571428571,"LESS DEPRIVED",3946.82142857143,"LESS DEPRIVED",3886.14285714286,"LESS DEPRIVED",4081.42857142857,"LESS DEPRIVED",3401.64285714286,"MORE DEPRIVED",1288.14285714286,"MORE DEPRIVED",4382.75,"LESS DEPRIVED",3855.21428571429,"LESS DEPRIVED"
"6","RC_SC_121","Telford Retail Park; Highland (Scotland)","Small Retail Park",2945.8,"MORE DEPRIVED",2935.4625,"MORE DEPRIVED",2875.6,"MORE DEPRIVED",3114.825,"MORE DEPRIVED",2688.725,"MORE DEPRIVED",3916.9,"LESS DEPRIVED",3007.0125,"MORE DEPRIVED",2672.85,"MORE DEPRIVED"
"7","RC_SC_122","Inverness; Highland (Scotland)","Major Town Centre",3761.49438202247,"LESS DEPRIVED",3807.3202247191,"LESS DEPRIVED",3737.8202247191,"LESS DEPRIVED",3888.59550561798,"LESS DEPRIVED",3550.15730337079,"LESS DEPRIVED",2942.58426966292,"MORE DEPRIVED",3915.45505617978,"LESS DEPRIVED",3714.56179775281,"LESS DEPRIVED"
"8","RC_SC_125","Inverness Retail & Leisure Park; Highland (Scotland)","Large Retail Park",3761.60240963855,"LESS DEPRIVED",3794.86746987952,"LESS DEPRIVED",3757.78915662651,"LESS DEPRIVED",3920.60240963855,"LESS DEPRIVED",3558.77108433735,"LESS DEPRIVED",2996.09638554217,"MORE DEPRIVED",3949.06626506024,"LESS DEPRIVED",3619,"LESS DEPRIVED"
"9","RC_SC_126","Inshes Retail Park; Highland (Scotland)","Small Retail Park",4120.34615384615,"LESS DEPRIVED",4107.375,"LESS DEPRIVED",4103.625,"LESS DEPRIVED",4174.92307692308,"LESS DEPRIVED",3946.34615384615,"LESS DEPRIVED",2854.13461538462,"MORE DEPRIVED",4195.55769230769,"LESS DEPRIVED",3941.07692307692,"LESS DEPRIVED"
"10","RC_SC_13","Queens Drive Retail Park; East Ayrshire (Scotland)","Large Retail Park",2769.94405594406,"MORE DEPRIVED",2820.07342657343,"MORE DEPRIVED",2842.4020979021,"MORE DEPRIVED",2601.79020979021,"MORE DEPRIVED",2882.52447552448,"MORE DEPRIVED",2514.53846153846,"MORE DEPRIVED",3911.97202797203,"LESS DEPRIVED",3488.93006993007,"LESS DEPRIVED"
"11","RC_SC_134","Cuckoo Bridge Retail Park; Dumfries and Galloway (Scotland)","Small Retail Park",3366.65384615385,"MORE DEPRIVED",3395.39423076923,"MORE DEPRIVED",3319.10576923077,"MORE DEPRIVED",2964.32692307692,"MORE DEPRIVED",3559.40384615385,"LESS DEPRIVED",3497.28846153846,"LESS DEPRIVED",3963.15384615385,"LESS DEPRIVED",3111.85576923077,"MORE DEPRIVED"
"12","RC_SC_135","Dumfries; Dumfries and Galloway (Scotland)","Town Centre",3524,"LESS DEPRIVED",3460.75961538462,"MORE DEPRIVED",3375.97115384615,"MORE DEPRIVED",3012.61538461538,"MORE DEPRIVED",3643.25,"LESS DEPRIVED",3761.96153846154,"LESS DEPRIVED",3960.84615384615,"LESS DEPRIVED",3262.70192307692,"MORE DEPRIVED"
"13","RC_SC_136","Central Retail Park; South Ayrshire (Scotland)","Large Retail Park",3495.93939393939,"LESS DEPRIVED",3470.11616161616,"MORE DEPRIVED",3399.16161616162,"MORE DEPRIVED",2910.15151515152,"MORE DEPRIVED",3574.09090909091,"LESS DEPRIVED",3526.09090909091,"LESS DEPRIVED",4346.26767676768,"LESS DEPRIVED",4043.40404040404,"LESS DEPRIVED"
"14","RC_SC_138","Ayr; South Ayrshire (Scotland)","Major Town Centre",3490.47368421053,"LESS DEPRIVED",3441.78421052632,"MORE DEPRIVED",3387.81052631579,"MORE DEPRIVED",2897.73684210526,"MORE DEPRIVED",3595.12631578947,"LESS DEPRIVED",3618.90526315789,"LESS DEPRIVED",4334.23684210526,"LESS DEPRIVED",4020.30526315789,"LESS DEPRIVED"
"15","RC_SC_14","Glencairn Retail Park; East Ayrshire (Scotland)","Large Retail Park",2753.88343558282,"MORE DEPRIVED",2775.70245398773,"MORE DEPRIVED",2833.31901840491,"MORE DEPRIVED",2568.90797546012,"MORE DEPRIVED",2841.9754601227,"MORE DEPRIVED",2695.07975460123,"MORE DEPRIVED",3852.5245398773,"LESS DEPRIVED",3421.06134969325,"MORE DEPRIVED"
"16","RC_SC_140","Heathfield Retail Park; South Ayrshire (Scotland)","Large Retail Park",3510.73636363636,"LESS DEPRIVED",3501.22272727273,"LESS DEPRIVED",3436.17272727273,"MORE DEPRIVED",2973.91818181818,"MORE DEPRIVED",3612.46363636364,"LESS DEPRIVED",3375.40909090909,"MORE DEPRIVED",4340.59090909091,"LESS DEPRIVED",4044.79090909091,"LESS DEPRIVED"
"17","RC_SC_145","Main Street; Wishaw; North Lanarkshire (Scotland)","Market Town",2147.78947368421,"MORE DEPRIVED",2194.89473684211,"MORE DEPRIVED",2044.71052631579,"MORE DEPRIVED",2009.84210526316,"MORE DEPRIVED",2228.36842105263,"MORE DEPRIVED",4508.73684210526,"LESS DEPRIVED",3127.18421052632,"MORE DEPRIVED",1830.10526315789,"MORE DEPRIVED"
"18","RC_SC_146","Union Street; Larkhall; South Lanarkshire (Scotland)","Local Centre",2675.58823529412,"MORE DEPRIVED",2518.76470588235,"MORE DEPRIVED",2671.76470588235,"MORE DEPRIVED",2200.17647058824,"MORE DEPRIVED",2328.23529411765,"MORE DEPRIVED",4739.76470588235,"LESS DEPRIVED",3395.5,"MORE DEPRIVED",2915.94117647059,"MORE DEPRIVED"
"19","RC_SC_15","Riverway Retail Park; North Ayrshire (Scotland)","Large Retail Park",2630.21387283237,"MORE DEPRIVED",2630.61849710983,"MORE DEPRIVED",2630.26878612717,"MORE DEPRIVED",2371.57225433526,"MORE DEPRIVED",2839.93641618497,"MORE DEPRIVED",3194.54913294798,"MORE DEPRIVED",3730.42774566474,"LESS DEPRIVED",3468.39306358382,"MORE DEPRIVED"
"20","RC_SC_150","Hamilton Retail Park; South Lanarkshire (Scotland)","Small Retail Park",2893.62037037037,"MORE DEPRIVED",2832.09722222222,"MORE DEPRIVED",2889.90277777778,"MORE DEPRIVED",2564.4537037037,"MORE DEPRIVED",2903.16666666667,"MORE DEPRIVED",3870.44444444444,"LESS DEPRIVED",3087.50462962963,"MORE DEPRIVED",3001.19907407407,"MORE DEPRIVED"
"21","RC_SC_151","Hamilton; South Lanarkshire (Scotland)","Town Centre",2712.08465608466,"MORE DEPRIVED",2710.40211640212,"MORE DEPRIVED",2729.53174603175,"MORE DEPRIVED",2343.59788359788,"MORE DEPRIVED",2687.33862433862,"MORE DEPRIVED",3710.60317460317,"LESS DEPRIVED",3012.07142857143,"MORE DEPRIVED",3049.74074074074,"MORE DEPRIVED"
"22","RC_SC_154","Kingsgate Retail Park; South Lanarkshire (Scotland)","Large Retail Park",3225.51470588235,"MORE DEPRIVED",3147.61121323529,"MORE DEPRIVED",3185.53033088235,"MORE DEPRIVED",2827.06066176471,"MORE DEPRIVED",3375.11764705882,"MORE DEPRIVED",3843.36213235294,"LESS DEPRIVED",3177.19209558824,"MORE DEPRIVED",3369.37132352941,"MORE DEPRIVED"
"23","RC_SC_161","North Street Retail Park; Fife (Scotland)","Small Retail Park",3059.83333333333,"MORE DEPRIVED",3035.26923076923,"MORE DEPRIVED",2994.28846153846,"MORE DEPRIVED",2913.38461538462,"MORE DEPRIVED",3058.70512820513,"MORE DEPRIVED",3288.5,"MORE DEPRIVED",4306.67307692308,"LESS DEPRIVED",3395.58974358974,"MORE DEPRIVED"
"24","RC_SC_1642","Old Town; City of Edinburgh (Scotland)","Major Town Centre",4647.10086455331,"LESS DEPRIVED",4454.45244956772,"LESS DEPRIVED",4601.33141210375,"LESS DEPRIVED",4688.39481268012,"LESS DEPRIVED",4380.39481268012,"LESS DEPRIVED",5089.08933717579,"LESS DEPRIVED",2072.97550432277,"MORE DEPRIVED",2783.42939481268,"MORE DEPRIVED"
"25","RC_SC_165","Newbridge Retail Park; Fife (Scotland)","Large Retail Park",3105.84057971014,"MORE DEPRIVED",3087.00362318841,"MORE DEPRIVED",3066.25724637681,"MORE DEPRIVED",3068.99275362319,"MORE DEPRIVED",2981.05797101449,"MORE DEPRIVED",3404.32608695652,"MORE DEPRIVED",4225.09782608696,"LESS DEPRIVED",3317.95652173913,"MORE DEPRIVED"
"26","RC_SC_166","Lyon Way; Glenrothes; Fife (Scotland)","Local Centre",2937.6,"MORE DEPRIVED",2790.93333333333,"MORE DEPRIVED",2898.36666666667,"MORE DEPRIVED",2724.06666666667,"MORE DEPRIVED",2856.46666666667,"MORE DEPRIVED",4760.2,"LESS DEPRIVED",4080.56666666667,"LESS DEPRIVED",2215.46666666667,"MORE DEPRIVED"
"27","RC_SC_168","Fife Central Retail Park; Fife (Scotland)","Large Retail Park",2795.96,"MORE DEPRIVED",2743.99714285714,"MORE DEPRIVED",2688.78,"MORE DEPRIVED",2782.84571428571,"MORE DEPRIVED",2631.34857142857,"MORE DEPRIVED",4082.49714285714,"LESS DEPRIVED",3938.80857142857,"LESS DEPRIVED",2996.56285714286,"MORE DEPRIVED"
"28","RC_SC_169","High Street; Kirkcaldy; Fife (Scotland)","Market Town",2479.18181818182,"MORE DEPRIVED",2404.86363636364,"MORE DEPRIVED",2102.68181818182,"MORE DEPRIVED",2604,"MORE DEPRIVED",3200.36363636364,"MORE DEPRIVED",5048.45454545455,"LESS DEPRIVED",3949.77272727273,"LESS DEPRIVED",1544.63636363636,"MORE DEPRIVED"
"29","RC_SC_17","Paisley; Renfrewshire (Scotland)","Town Centre",2311.84722222222,"MORE DEPRIVED",2378.30555555556,"MORE DEPRIVED",2257.41666666667,"MORE DEPRIVED",1968.98611111111,"MORE DEPRIVED",2656.83333333333,"MORE DEPRIVED",4398.19444444444,"LESS DEPRIVED",2229.80555555556,"MORE DEPRIVED",2328.18055555556,"MORE DEPRIVED"
"30","RC_SC_1712","Morningside Road; Morningside; City of Edinburgh (Scotland)","Local Centre",6112.62790697674,"LESS DEPRIVED",5761.94186046512,"LESS DEPRIVED",5857.59302325581,"LESS DEPRIVED",6003.23255813954,"LESS DEPRIVED",6248.20930232558,"LESS DEPRIVED",5272.74418604651,"LESS DEPRIVED",2722.54651162791,"MORE DEPRIVED",3779.67441860465,"LESS DEPRIVED"
"31","RC_SC_179","Seafield Road Retail Park; City of Edinburgh (Scotland)","Small Retail Park",3838.90756302521,"LESS DEPRIVED",3674.88655462185,"LESS DEPRIVED",3731.50840336134,"LESS DEPRIVED",3895.68067226891,"LESS DEPRIVED",3471.00840336134,"MORE DEPRIVED",5380.63025210084,"LESS DEPRIVED",1843.83193277311,"MORE DEPRIVED",2401.96638655462,"MORE DEPRIVED"
"32","RC_SC_18","Paisley Leisure Park; Renfrewshire (Scotland)","Large Retail Park",2887.23553719008,"MORE DEPRIVED",2927.02066115702,"MORE DEPRIVED",2815.72314049587,"MORE DEPRIVED",2528.76446280992,"MORE DEPRIVED",3160.30578512397,"MORE DEPRIVED",3807.52892561983,"LESS DEPRIVED",2834.01239669421,"MORE DEPRIVED",3264.56404958678,"MORE DEPRIVED"
"33","RC_SC_187","Greenside; City of Edinburgh (Scotland)","District Centre",4131.50980392157,"LESS DEPRIVED",3993.20588235294,"LESS DEPRIVED",4062.97058823529,"LESS DEPRIVED",4302.03921568627,"LESS DEPRIVED",3723.58823529412,"LESS DEPRIVED",6108.52941176471,"LESS DEPRIVED",752.666666666667,"MORE DEPRIVED",2287.20588235294,"MORE DEPRIVED"
"34","RC_SC_19","The Avenue Shopping Centre; East Renfrewshire (Scotland)","Large Retail Park",3944.72590361446,"LESS DEPRIVED",3686.73042168675,"LESS DEPRIVED",3851.36746987952,"LESS DEPRIVED",3567.86144578313,"LESS DEPRIVED",4282.15060240964,"LESS DEPRIVED",4097.31626506024,"LESS DEPRIVED",3245.65060240964,"MORE DEPRIVED",3514.93222891566,"LESS DEPRIVED"
"35","RC_SC_193","Ocean Terminal; City of Edinburgh (Scotland)","Small Retail Park",4148.46315789474,"LESS DEPRIVED",3938.37894736842,"LESS DEPRIVED",3988.38421052632,"LESS DEPRIVED",4148.68421052632,"LESS DEPRIVED",3912.10526315789,"LESS DEPRIVED",5656.93684210526,"LESS DEPRIVED",1537.97368421053,"MORE DEPRIVED",2517.71578947368,"MORE DEPRIVED"
"36","RC_SC_199","Bonnygate; Cupar; Fife (Scotland)","Local Centre",4368.90909090909,"LESS DEPRIVED",4125.59090909091,"LESS DEPRIVED",3850.04545454545,"LESS DEPRIVED",4316,"LESS DEPRIVED",4435.18181818182,"LESS DEPRIVED",4264.63636363636,"LESS DEPRIVED",4294.27272727273,"LESS DEPRIVED",3552.54545454545,"LESS DEPRIVED"
"37","RC_SC_215","Fort Kinnaird Shopping Park; City of Edinburgh (Scotland)","Large Retail Park",3555.60142348754,"LESS DEPRIVED",3462.65302491103,"MORE DEPRIVED",3545.67615658363,"LESS DEPRIVED",3752.75088967972,"LESS DEPRIVED",3223.90391459075,"MORE DEPRIVED",4133.27758007117,"LESS DEPRIVED",2653.89323843416,"MORE DEPRIVED",2726.70996441281,"MORE DEPRIVED"
"38","RC_SC_217","Cameron Toll; City of Edinburgh (Scotland)","Large Retail Park",4543.2380952381,"LESS DEPRIVED",4422.13553113553,"LESS DEPRIVED",4556.6336996337,"LESS DEPRIVED",4619.93406593407,"LESS DEPRIVED",4300.75824175824,"LESS DEPRIVED",4563.87912087912,"LESS DEPRIVED",2453.95604395604,"MORE DEPRIVED",2843.08058608059,"MORE DEPRIVED"
"39","RC_SC_226","Portobello High Street; Portobello; City of Edinburgh (Scotland)","Local Centre",4761.51724137931,"LESS DEPRIVED",4527.6724137931,"LESS DEPRIVED",4540.98275862069,"LESS DEPRIVED",4715.93103448276,"LESS DEPRIVED",4251,"LESS DEPRIVED",4868.20689655172,"LESS DEPRIVED",3488.75862068966,"LESS DEPRIVED",2724.29310344828,"MORE DEPRIVED"
"40","RC_SC_229","Easter Road; Abbeyhill; City of Edinburgh (Scotland)","Local Centre",4229.45161290323,"LESS DEPRIVED",4150.20967741936,"LESS DEPRIVED",4335.61290322581,"LESS DEPRIVED",4616.48387096774,"LESS DEPRIVED",3549.09677419355,"LESS DEPRIVED",5722.64516129032,"LESS DEPRIVED",450.483870967742,"MORE DEPRIVED",2496.96774193548,"MORE DEPRIVED"
"41","RC_SC_241","Springkerse Retail Park; Stirling (Scotland)","Large Retail Park",3419.15151515152,"MORE DEPRIVED",3488.43560606061,"MORE DEPRIVED",3406.02272727273,"MORE DEPRIVED",3496.62878787879,"LESS DEPRIVED",3219.67424242424,"MORE DEPRIVED",3304.5303030303,"MORE DEPRIVED",3811.02651515152,"LESS DEPRIVED",3203.56818181818,"MORE DEPRIVED"
"42","RC_SC_244","Stirling; Stirling (Scotland)","Town Centre",3579.83018867925,"LESS DEPRIVED",3615.15094339623,"LESS DEPRIVED",3543.79245283019,"LESS DEPRIVED",3636.66037735849,"LESS DEPRIVED",3474.05660377358,"MORE DEPRIVED",3689.79245283019,"LESS DEPRIVED",3525.40566037736,"LESS DEPRIVED",2888.50943396226,"MORE DEPRIVED"
"43","RC_SC_255","Fife Leisure Park; Fife (Scotland)","Large Retail Park",3881.33640552995,"LESS DEPRIVED",3827.90092165899,"LESS DEPRIVED",3745.76267281106,"LESS DEPRIVED",3786.85253456221,"LESS DEPRIVED",3605.1935483871,"LESS DEPRIVED",3592.97235023041,"LESS DEPRIVED",4580.81105990783,"LESS DEPRIVED",3948.72811059908,"LESS DEPRIVED"
"44","RC_SC_256","Halbeath Retail Park; Fife (Scotland)","Small Retail Park",3626.06837606838,"LESS DEPRIVED",3581.34615384615,"LESS DEPRIVED",3476.31623931624,"MORE DEPRIVED",3549.46153846154,"LESS DEPRIVED",3297.38461538462,"MORE DEPRIVED",3755.61538461538,"LESS DEPRIVED",4489.12820512821,"LESS DEPRIVED",3704.2735042735,"LESS DEPRIVED"
"45","RC_SC_257","Dunfermline; Fife (Scotland)","Town Centre",4173.51898734177,"LESS DEPRIVED",4154.90506329114,"LESS DEPRIVED",3957.6835443038,"LESS DEPRIVED",4109.29113924051,"LESS DEPRIVED",4186.03797468354,"LESS DEPRIVED",3143.51898734177,"MORE DEPRIVED",4927.85443037975,"LESS DEPRIVED",3932.06329113924,"LESS DEPRIVED"
"46","RC_SC_271","Hermiston Gait Retail Park; City of Edinburgh (Scotland)","Small Retail Park",4263.13043478261,"LESS DEPRIVED",4204.78260869565,"LESS DEPRIVED",4317.38260869565,"LESS DEPRIVED",4347.98260869565,"LESS DEPRIVED",4095.20869565217,"LESS DEPRIVED",3390.09565217391,"MORE DEPRIVED",3500.06086956522,"LESS DEPRIVED",2987.23913043478,"MORE DEPRIVED"
"47","RC_SC_272","Gyle Shopping Centre; City of Edinburgh (Scotland)","Large Retail Park",4600.9592760181,"LESS DEPRIVED",4522.23076923077,"LESS DEPRIVED",4618.19004524887,"LESS DEPRIVED",4701.37556561086,"LESS DEPRIVED",4378.21719457014,"LESS DEPRIVED",3806.54751131222,"LESS DEPRIVED",3465.65610859728,"MORE DEPRIVED",3122.05882352941,"MORE DEPRIVED"
"48","RC_SC_275","Dalry Road; Dalry; City of Edinburgh (Scotland)","Local Centre",4651.89189189189,"LESS DEPRIVED",4483.97297297297,"LESS DEPRIVED",4687.95945945946,"LESS DEPRIVED",4878.35135135135,"LESS DEPRIVED",3904.13513513513,"LESS DEPRIVED",6010.81081081081,"LESS DEPRIVED",862.527027027027,"MORE DEPRIVED",2938.25675675676,"MORE DEPRIVED"
"49","RC_SC_276","Craigleith Retail Park; City of Edinburgh (Scotland)","Small Retail Park",4668.34259259259,"LESS DEPRIVED",4460.0787037037,"LESS DEPRIVED",4647.78703703704,"LESS DEPRIVED",4748.68518518519,"LESS DEPRIVED",4403.81481481481,"LESS DEPRIVED",4954.92592592593,"LESS DEPRIVED",2937.66666666667,"MORE DEPRIVED",2715.31481481481,"MORE DEPRIVED"
"50","RC_SC_279","Raeburn Place; Stockbridge; City of Edinburgh (Scotland)","Local Centre",6253.13793103448,"LESS DEPRIVED",5839.3275862069,"LESS DEPRIVED",6028.6724137931,"LESS DEPRIVED",6245.62068965517,"LESS DEPRIVED",6187.58620689655,"LESS DEPRIVED",5325.86206896552,"LESS DEPRIVED",2591.81034482759,"MORE DEPRIVED",3558.56896551724,"LESS DEPRIVED"
"51","RC_SC_28","Milngavie; East Dunbartonshire (Scotland)","Town Centre",5799.30612244898,"LESS DEPRIVED",5570.4387755102,"LESS DEPRIVED",5551.87755102041,"LESS DEPRIVED",5464.34693877551,"LESS DEPRIVED",6166.65306122449,"LESS DEPRIVED",2877.48979591837,"MORE DEPRIVED",5649.83673469388,"LESS DEPRIVED",4929.29591836735,"LESS DEPRIVED"
"52","RC_SC_280","Edinburgh City; Edinburgh (Scotland)","Regional Centre",4545.78003696858,"LESS DEPRIVED",4387.29112754159,"LESS DEPRIVED",4523.1146025878,"LESS DEPRIVED",4619.54898336414,"LESS DEPRIVED",4316.60813308688,"LESS DEPRIVED",4660.70979667283,"LESS DEPRIVED",2563.07763401109,"MORE DEPRIVED",2820.74768946396,"MORE DEPRIVED"
"53","RC_SC_283","Tollcross; City of Edinburgh (Scotland)","Town Centre",5428.37078651685,"LESS DEPRIVED",5209.01404494382,"LESS DEPRIVED",5349.68820224719,"LESS DEPRIVED",5512.56179775281,"LESS DEPRIVED",5232.74157303371,"LESS DEPRIVED",5322.44382022472,"LESS DEPRIVED",2007.86235955056,"MORE DEPRIVED",3031.03370786517,"MORE DEPRIVED"
"54","RC_SC_29","Quadrant Shopping Centre; North Lanarkshire (Scotland)","Large Retail Park",2348.76618705036,"MORE DEPRIVED",2465.42985611511,"MORE DEPRIVED",2476.97122302158,"MORE DEPRIVED",2097.71942446043,"MORE DEPRIVED",2185.14748201439,"MORE DEPRIVED",3242.80935251799,"MORE DEPRIVED",2427.40467625899,"MORE DEPRIVED",2891.6690647482,"MORE DEPRIVED"
"55","RC_SC_3","Steòrnabhagh; Na h-Eileanan Siar (Scotland)","Town Centre",3275.7,"MORE DEPRIVED",3157,"MORE DEPRIVED",2987,"MORE DEPRIVED",3214.4,"MORE DEPRIVED",4025.5,"LESS DEPRIVED",2953.7,"MORE DEPRIVED",4288.75,"LESS DEPRIVED",4173,"LESS DEPRIVED"
"56","RC_SC_311","Pentland Retail Park; Midlothian (Scotland)","Large Retail Park",4086.71631205674,"LESS DEPRIVED",4083.37588652482,"LESS DEPRIVED",4154.00531914894,"LESS DEPRIVED",4151.32624113475,"LESS DEPRIVED",3892.31560283688,"LESS DEPRIVED",3349.9609929078,"MORE DEPRIVED",3524.43971631206,"LESS DEPRIVED",3090.09219858156,"MORE DEPRIVED"
"57","RC_SC_315","Corstorphine Retail Park; City of Edinburgh (Scotland)","Small Retail Park",4316.19417475728,"LESS DEPRIVED",4209.60194174757,"LESS DEPRIVED",4330.83495145631,"LESS DEPRIVED",4380.49514563107,"LESS DEPRIVED",4069.64077669903,"LESS DEPRIVED",3904.55339805825,"LESS DEPRIVED",3433.03398058252,"MORE DEPRIVED",2735.67475728155,"MORE DEPRIVED"
"58","RC_SC_319","Central Retail Park; Falkirk (Scotland)","Large Retail Park",3380.23125,"MORE DEPRIVED",3464.3625,"MORE DEPRIVED",3353.365625,"MORE DEPRIVED",3337.01875,"MORE DEPRIVED",3239.35625,"MORE DEPRIVED",3153.85625,"MORE DEPRIVED",4255.93125,"LESS DEPRIVED",3186.925,"MORE DEPRIVED"
"59","RC_SC_32","Glasgow Fort Shopping Park; Glasgow City (Scotland)","Large Retail Park",2425.40595903166,"MORE DEPRIVED",2476.27932960894,"MORE DEPRIVED",2532.12849162011,"MORE DEPRIVED",2148.79515828678,"MORE DEPRIVED",2414.7094972067,"MORE DEPRIVED",3905.85847299814,"LESS DEPRIVED",2151.28677839851,"MORE DEPRIVED",2734.47113594041,"MORE DEPRIVED"
"60","RC_SC_322","Callendar Square Shopping Centre; Falkirk (Scotland)","Large Retail Park",3370.50877192982,"MORE DEPRIVED",3454.87719298246,"MORE DEPRIVED",3346.09649122807,"MORE DEPRIVED",3342.76023391813,"MORE DEPRIVED",3228.47953216374,"MORE DEPRIVED",3075.91228070175,"MORE DEPRIVED",4265.42105263158,"LESS DEPRIVED",3239.69883040936,"MORE DEPRIVED"
"61","RC_SC_328","Brook Street; Broughty Ferry; Dundee City (Scotland)","Local Centre",5471.86666666667,"LESS DEPRIVED",4926.03333333333,"LESS DEPRIVED",4755.9,"LESS DEPRIVED",4710.73333333333,"LESS DEPRIVED",5813.2,"LESS DEPRIVED",4840.4,"LESS DEPRIVED",5128.83333333333,"LESS DEPRIVED",5159.46666666667,"LESS DEPRIVED"
"62","RC_SC_331","Kingsway West Retail Park; Dundee City (Scotland)","Large Retail Park",2728.97872340426,"MORE DEPRIVED",2718.13031914894,"MORE DEPRIVED",2707.80053191489,"MORE DEPRIVED",2677.88829787234,"MORE DEPRIVED",2651.97340425532,"MORE DEPRIVED",4364.3670212766,"LESS DEPRIVED",2562.39095744681,"MORE DEPRIVED",2795.71010638298,"MORE DEPRIVED"
"63","RC_SC_332","Dundee; Dundee City (Scotland)","Major Town Centre",3061.65277777778,"MORE DEPRIVED",2990.39583333333,"MORE DEPRIVED",2939.28240740741,"MORE DEPRIVED",2895.83796296296,"MORE DEPRIVED",3027.81944444444,"MORE DEPRIVED",4378.26851851852,"LESS DEPRIVED",2942.11574074074,"MORE DEPRIVED",3137.12268518519,"MORE DEPRIVED"
"64","RC_SC_335","Market Street; St Andrews; Fife (Scotland)","Local Centre",5658.84615384615,"LESS DEPRIVED",5621.53846153846,"LESS DEPRIVED",5891.30769230769,"LESS DEPRIVED",5849.30769230769,"LESS DEPRIVED",4180.76923076923,"LESS DEPRIVED",4570.92307692308,"LESS DEPRIVED",1909.96153846154,"MORE DEPRIVED",4615.15384615385,"LESS DEPRIVED"
"65","RC_SC_336","Arbroath; Angus (Scotland)","Town Centre",2610.53125,"MORE DEPRIVED",2477.484375,"MORE DEPRIVED",2494.09375,"MORE DEPRIVED",3084.5,"MORE DEPRIVED",2606.3125,"MORE DEPRIVED",3864.96875,"LESS DEPRIVED",3306.703125,"MORE DEPRIVED",2775.375,"MORE DEPRIVED"
"66","RC_SC_347","Perth; Perth and Kinross (Scotland)","Major Town Centre",3815.73493975904,"LESS DEPRIVED",3885.28915662651,"LESS DEPRIVED",3846.48795180723,"LESS DEPRIVED",3874.53012048193,"LESS DEPRIVED",3597.65060240964,"LESS DEPRIVED",3057.44578313253,"MORE DEPRIVED",3817.25903614458,"LESS DEPRIVED",3976.81927710843,"LESS DEPRIVED"
"67","RC_SC_348","St. Catherine's Retail Park; Perth and Kinross (Scotland)","Large Retail Park",3803.17283950617,"LESS DEPRIVED",3817.17901234568,"LESS DEPRIVED",3778.91358024691,"LESS DEPRIVED",3801.95061728395,"LESS DEPRIVED",3517.66666666667,"LESS DEPRIVED",3229.77777777778,"MORE DEPRIVED",3753.92592592593,"LESS DEPRIVED",3942.48148148148,"LESS DEPRIVED"
"68","RC_SC_35","Airdrie; North Lanarkshire (Scotland)","Town Centre",2302.71568627451,"MORE DEPRIVED",2452.6568627451,"MORE DEPRIVED",2487.06862745098,"MORE DEPRIVED",2120.28431372549,"MORE DEPRIVED",2127.12745098039,"MORE DEPRIVED",3140.93137254902,"MORE DEPRIVED",2759.44607843137,"MORE DEPRIVED",2781.23529411765,"MORE DEPRIVED"
"69","RC_SC_352","High Street; Hawick; Scottish Borders (Scotland)","Market Town",2650.44444444444,"MORE DEPRIVED",2647.72222222222,"MORE DEPRIVED",2123.5,"MORE DEPRIVED",2647.66666666667,"MORE DEPRIVED",2669.66666666667,"MORE DEPRIVED",4938.11111111111,"LESS DEPRIVED",4356.38888888889,"LESS DEPRIVED",2784.33333333333,"MORE DEPRIVED"
"70","RC_SC_355","Galashiels; Scottish Borders (Scotland)","Town Centre",3260.04761904762,"MORE DEPRIVED",3312.66666666667,"MORE DEPRIVED",3154.33333333333,"MORE DEPRIVED",2905.80952380952,"MORE DEPRIVED",3473.57142857143,"MORE DEPRIVED",3857.09523809524,"LESS DEPRIVED",3965.33333333333,"LESS DEPRIVED",3109.47619047619,"MORE DEPRIVED"
"71","RC_SC_357","Kelso; Scottish Borders (Scotland)","Local Centre",3941.66666666667,"LESS DEPRIVED",3651.22222222222,"LESS DEPRIVED",3598.22222222222,"LESS DEPRIVED",4039.77777777778,"LESS DEPRIVED",3315.55555555556,"MORE DEPRIVED",4561.22222222222,"LESS DEPRIVED",5223.94444444444,"LESS DEPRIVED",3868.33333333333,"LESS DEPRIVED"
"72","RC_SC_36","Kilbowie; West Dunbartonshire (Scotland)","Town Centre",1734.20588235294,"MORE DEPRIVED",1630.89705882353,"MORE DEPRIVED",1750.11764705882,"MORE DEPRIVED",1609.93137254902,"MORE DEPRIVED",2124.06862745098,"MORE DEPRIVED",4071.82352941176,"LESS DEPRIVED",1743.97549019608,"MORE DEPRIVED",2592.19117647059,"MORE DEPRIVED"
"73","RC_SC_367","Portlethen Retail Park; Aberdeenshire (Scotland)","Small Retail Park",5023.73170731707,"LESS DEPRIVED",5059.53658536585,"LESS DEPRIVED",4837.06097560976,"LESS DEPRIVED",4906.65853658537,"LESS DEPRIVED",4499.87804878049,"LESS DEPRIVED",3485.0487804878,"MORE DEPRIVED",4440.32926829268,"LESS DEPRIVED",4300.76829268293,"LESS DEPRIVED"
"74","RC_SC_368","High Street; Montrose; Angus (Scotland)","Local Centre",3235.13333333333,"MORE DEPRIVED",2907.36666666667,"MORE DEPRIVED",2935.2,"MORE DEPRIVED",3704.53333333333,"LESS DEPRIVED",3137.66666666667,"MORE DEPRIVED",4293.06666666667,"LESS DEPRIVED",3363.7,"MORE DEPRIVED",3493.66666666667,"LESS DEPRIVED"
"75","RC_SC_37","St. James Retail Park; West Dunbartonshire (Scotland)","Small Retail Park",2765.6170212766,"MORE DEPRIVED",2851.07446808511,"MORE DEPRIVED",2709.98936170213,"MORE DEPRIVED",2550.8085106383,"MORE DEPRIVED",2975.74468085106,"MORE DEPRIVED",3017.04255319149,"MORE DEPRIVED",2997.13829787234,"MORE DEPRIVED",3189.72340425532,"MORE DEPRIVED"
"76","RC_SC_373","Castle Street; Forfar; Angus (Scotland)","Market Town",3184.42105263158,"MORE DEPRIVED",3142.36842105263,"MORE DEPRIVED",2982.52631578947,"MORE DEPRIVED",3464.10526315789,"MORE DEPRIVED",2712.05263157895,"MORE DEPRIVED",4450.21052631579,"LESS DEPRIVED",3577.15789473684,"LESS DEPRIVED",3044.05263157895,"MORE DEPRIVED"
"77","RC_SC_38","Govan Cross Shopping Centre; Glasgow City (Scotland)","Large Retail Park",2918.224,"MORE DEPRIVED",2751.756,"MORE DEPRIVED",2986.60133333333,"MORE DEPRIVED",2816.05333333333,"MORE DEPRIVED",3144.88533333333,"MORE DEPRIVED",4951.728,"LESS DEPRIVED",1391.48,"MORE DEPRIVED",2402.012,"MORE DEPRIVED"
"78","RC_SC_380","Garthdee Road Retail Park; Aberdeen City (Scotland)","Small Retail Park",4875.48598130841,"LESS DEPRIVED",4851.78971962617,"LESS DEPRIVED",4717.23831775701,"LESS DEPRIVED",4858.41121495327,"LESS DEPRIVED",4446.52336448598,"LESS DEPRIVED",4430,"LESS DEPRIVED",3441.90186915888,"MORE DEPRIVED",3631.57476635514,"LESS DEPRIVED"
"79","RC_SC_381","Kittybrewster Retail Park; Aberdeen City (Scotland)","Large Retail Park",3991.98765432099,"LESS DEPRIVED",4047.11728395062,"LESS DEPRIVED",3940.9341563786,"LESS DEPRIVED",4015.0987654321,"LESS DEPRIVED",3491.14814814815,"LESS DEPRIVED",4546.46913580247,"LESS DEPRIVED",2525.53086419753,"MORE DEPRIVED",3016.26543209877,"MORE DEPRIVED"
"80","RC_SC_382","Aberdeen; Aberdeen City (Scotland)","Major Town Centre",4148.016,"LESS DEPRIVED",4194.566,"LESS DEPRIVED",4080.912,"LESS DEPRIVED",4158.52,"LESS DEPRIVED",3634.116,"LESS DEPRIVED",4498.64,"LESS DEPRIVED",2709.804,"MORE DEPRIVED",3147.016,"MORE DEPRIVED"
"81","RC_SC_389","Queens Links Leisure Park; Aberdeen City (Scotland)","Large Retail Park",4082.87019230769,"LESS DEPRIVED",4121.94951923077,"LESS DEPRIVED",4010.41346153846,"LESS DEPRIVED",4109.62019230769,"LESS DEPRIVED",3534.85576923077,"LESS DEPRIVED",4786.14903846154,"LESS DEPRIVED",2418.36298076923,"MORE DEPRIVED",2890.41826923077,"MORE DEPRIVED"
"82","RC_SC_39","Argyle Street; Finnieston; Glasgow City (Scotland)","Local Centre",4023.52173913043,"LESS DEPRIVED",3870.69565217391,"LESS DEPRIVED",4340.4347826087,"LESS DEPRIVED",4251.39130434783,"LESS DEPRIVED",3795.69565217391,"LESS DEPRIVED",5786.69565217391,"LESS DEPRIVED",349.608695652174,"MORE DEPRIVED",2105.30434782609,"MORE DEPRIVED"
"83","RC_SC_41","Dumbarton Road; Partick; Glasgow City (Scotland)","Local Centre",4627.89130434783,"LESS DEPRIVED",4270.3152173913,"LESS DEPRIVED",4624.4347826087,"LESS DEPRIVED",4541.10869565217,"LESS DEPRIVED",4740.71739130435,"LESS DEPRIVED",6088.69565217391,"LESS DEPRIVED",735.369565217391,"MORE DEPRIVED",2685.64130434783,"MORE DEPRIVED"
"84","RC_SC_43","Victoria Road; Govanhill; Glasgow City (Scotland)","Local Centre",2530.625,"MORE DEPRIVED",2220.5375,"MORE DEPRIVED",2764.4875,"MORE DEPRIVED",2718.275,"MORE DEPRIVED",2577.075,"MORE DEPRIVED",6281.425,"LESS DEPRIVED",630.95,"MORE DEPRIVED",1491.95,"MORE DEPRIVED"
"85","RC_SC_48","Byres Road; Hillhead; Glasgow City (Scotland)","Local Centre",4932.89361702128,"LESS DEPRIVED",4426.67021276596,"LESS DEPRIVED",4928.45744680851,"LESS DEPRIVED",4737.51063829787,"LESS DEPRIVED",5143.55319148936,"LESS DEPRIVED",5812.04255319149,"LESS DEPRIVED",1088.45744680851,"MORE DEPRIVED",2703.8085106383,"MORE DEPRIVED"
"86","RC_SC_54","Glasgow City, Glasgow (Scotland)","Regional Centre",2812.07278481013,"MORE DEPRIVED",2677.02109704641,"MORE DEPRIVED",2823.60232067511,"MORE DEPRIVED",2559.9388185654,"MORE DEPRIVED",3007.46518987342,"MORE DEPRIVED",4477.11497890295,"LESS DEPRIVED",1932.76265822785,"MORE DEPRIVED",2722.54061181435,"MORE DEPRIVED"
"87","RC_SC_55","West End Retail Park; Glasgow City (Scotland)","Large Retail Park",2614.64222222222,"MORE DEPRIVED",2484.14444444444,"MORE DEPRIVED",2692.60333333333,"MORE DEPRIVED",2503.01333333333,"MORE DEPRIVED",2832.72444444444,"MORE DEPRIVED",4772.29333333333,"LESS DEPRIVED",1325.10555555556,"MORE DEPRIVED",2294.96111111111,"MORE DEPRIVED"
"88","RC_SC_62","Kilmarnock Road; Shawlands; Glasgow City (Scotland)","District Centre",4445.77419354839,"LESS DEPRIVED",3865.32258064516,"LESS DEPRIVED",4221.98387096774,"LESS DEPRIVED",4185.45161290323,"LESS DEPRIVED",4858.83870967742,"LESS DEPRIVED",5580.38709677419,"LESS DEPRIVED",1783.58064516129,"MORE DEPRIVED",2877.12903225806,"MORE DEPRIVED"
"89","RC_SC_63","Auldhouse Retail Park; Glasgow City (Scotland)","Small Retail Park",3673.10994764398,"LESS DEPRIVED",3294.19371727749,"MORE DEPRIVED",3594.73821989529,"LESS DEPRIVED",3399.69109947644,"MORE DEPRIVED",3955.07853403141,"LESS DEPRIVED",4642.85863874346,"LESS DEPRIVED",2447.43455497382,"MORE DEPRIVED",3028.45811518325,"MORE DEPRIVED"
"90","RC_SC_66","intu Braehead; Renfrewshire (Scotland)","Large Shopping Centre",2762.37137989779,"MORE DEPRIVED",2649.67632027257,"MORE DEPRIVED",2793.5936967632,"MORE DEPRIVED",2589.56729131175,"MORE DEPRIVED",2987.57751277683,"MORE DEPRIVED",4694.36286201022,"LESS DEPRIVED",1703.51448040886,"MORE DEPRIVED",2500.50425894378,"MORE DEPRIVED"
"91","RC_SC_69","Silverburn Centre; Glasgow City (Scotland)","Large Shopping Centre",3007.44611059044,"MORE DEPRIVED",2885.91893158388,"MORE DEPRIVED",3004.61246485473,"MORE DEPRIVED",2724.95313964386,"MORE DEPRIVED",3241.33458294283,"MORE DEPRIVED",4356.37488284911,"LESS DEPRIVED",2309.35004686036,"MORE DEPRIVED",2841.27694470478,"MORE DEPRIVED"
"92","RC_SC_7","High Street; An Gearasdan; Highland (Scotland)","Local Centre",2747.83333333333,"MORE DEPRIVED",3238.58333333333,"MORE DEPRIVED",3501.75,"LESS DEPRIVED",3379.5,"MORE DEPRIVED",2356.33333333333,"MORE DEPRIVED",1351.83333333333,"MORE DEPRIVED",2529.08333333333,"MORE DEPRIVED",2130.16666666667,"MORE DEPRIVED"
"93","RC_SC_71","Springburn Shopping Centre; Glasgow City (Scotland)","Large Retail Park",2418.24736842105,"MORE DEPRIVED",2368.98421052632,"MORE DEPRIVED",2558.40526315789,"MORE DEPRIVED",2287.49210526316,"MORE DEPRIVED",2526.52105263158,"MORE DEPRIVED",4478.44473684211,"LESS DEPRIVED",1241.12894736842,"MORE DEPRIVED",2304.28157894737,"MORE DEPRIVED"
"94","RC_SC_75","Gallowgate; Camlachie; Glasgow City (Scotland)","Local Centre",862.032258064516,"MORE DEPRIVED",846.532258064516,"MORE DEPRIVED",1103.64516129032,"MORE DEPRIVED",792.387096774194,"MORE DEPRIVED",794.645161290323,"MORE DEPRIVED",5682.83870967742,"LESS DEPRIVED",468.096774193548,"MORE DEPRIVED",1090.03225806452,"MORE DEPRIVED"
"95","RC_SC_77","Rutherglen Shopping Centre; South Lanarkshire (Scotland)","Large Retail Park",2669.55135135135,"MORE DEPRIVED",2506.06621621622,"MORE DEPRIVED",2722.03918918919,"MORE DEPRIVED",2516.17567567568,"MORE DEPRIVED",2809.51081081081,"MORE DEPRIVED",4983.17297297297,"LESS DEPRIVED",1658.59594594595,"MORE DEPRIVED",2392.42567567568,"MORE DEPRIVED"
"96","RC_SC_8","Gallagher Shopping Park; Inverclyde (Scotland)","Small Retail Park",1586.20967741935,"MORE DEPRIVED",1526.11290322581,"MORE DEPRIVED",1420.35483870968,"MORE DEPRIVED",1454.6935483871,"MORE DEPRIVED",2028.56451612903,"MORE DEPRIVED",4334.1935483871,"LESS DEPRIVED",1790.23387096774,"MORE DEPRIVED",2709.24193548387,"MORE DEPRIVED"
"97","RC_SC_82","Duke Street; Camlachie; Glasgow City (Scotland)","Local Centre",2411.83333333333,"MORE DEPRIVED",2514.86111111111,"MORE DEPRIVED",2843.05555555556,"MORE DEPRIVED",2497.36111111111,"MORE DEPRIVED",2303.94444444444,"MORE DEPRIVED",4947.16666666667,"LESS DEPRIVED",373.569444444444,"MORE DEPRIVED",1541.02777777778,"MORE DEPRIVED"
"98","RC_SC_89","Cumbernauld; North Lanarkshire (Scotland)","Town Centre",3447.90566037736,"MORE DEPRIVED",3562.91037735849,"LESS DEPRIVED",3518.92924528302,"LESS DEPRIVED",3118.5,"MORE DEPRIVED",3261.92452830189,"MORE DEPRIVED",2864.94339622642,"MORE DEPRIVED",3961.62735849057,"LESS DEPRIVED",3680.27358490566,"LESS DEPRIVED"
"99","RC_SC_90","Oban; Argyll and Bute (Scotland)","Town Centre",3252.64285714286,"MORE DEPRIVED",3655.17857142857,"LESS DEPRIVED",3521.82142857143,"LESS DEPRIVED",3202.64285714286,"MORE DEPRIVED",3053.35714285714,"MORE DEPRIVED",3020.85714285714,"MORE DEPRIVED",2312.07142857143,"MORE DEPRIVED",2969.92857142857,"MORE DEPRIVED"
